pinpai,price1,price2,hotsale,img2,ku,xian,Day,interest
Jinrong,2,25964,,,1422,上架,2019-03-04,配件
YONGZAI,234,1380,jjj,,45,上架,2019-03-04,平板
ZAIBENGyes,234,1380,4ert,,45,上架,2019-03-04,电视
YONGZAI,234,690,4ert,,45,上架,2019-03-04,平板
JACKSON,234,690,4ert,,45,上架,2019-03-04,手机
BANBAN,234,2760,4ert,,45,上架,2019-03-04,电视
KOCAI,234,690,4ert,,45,上架,2019-03-04,电脑
limi,234,1380,4ert,,45,上架,2019-03-04,配件
HENG,234,690,4ert,,45,上架,2019-03-04,配件
KONG,234,345,4ert,C:\fakepath\women-42.png,45,上架,2019-03-02,
XINKONG,234,345,4ert,C:\fakepath\women-42.png,45,上架,2019-03-02,
KOKI,234,345,4ert,C:\fakepath\women-42.png,45,上架,2019-03-02,
MONO,234,345,4ert,C:\fakepath\women-42.png,45,上架,2019-03-02,
LIFI,234,345,4ert,C:\fakepath\women-42.png,45,上架,2019-03-02,
YONG,234,345,4ert,C:\fakepath\women-42.png,45,上架,2019-03-02,
HUA2,123,246,QWARE,,123,上架,2019-03-02,
ASS,23,4,FHGFH,C:\fakepath\women-38.png,34,上架,2019-03-02,
她她她2,12,68,32问题让他,,34,上架,2019-03-02,
噫噫噫,185,262,驾驶的飞机,C:\fakepath\women-44.png,157,上架,2019-03-04,
